model,market,calendar_week,week_start_date,units
Civic LHD,Germany,-26,2026-02-09,121
Civic LHD,France,-26,2026-02-09,86
Civic LHD,Italy,-26,2026-02-09,41
Civic LHD,Spain,-26,2026-02-09,55
Civic LHD,Netherlands,-26,2026-02-09,21
Civic LHD,Belgium,-26,2026-02-09,31
Civic LHD,Poland,-26,2026-02-09,42
Civic LHD,Nordics,-26,2026-02-09,55
Civic LHD,Portugal,-26,2026-02-09,33
Civic RHD,UK,-26,2026-02-09,134
Civic RHD,Ireland,-26,2026-02-09,20
CR-V LHD,Germany,-26,2026-02-09,121
CR-V LHD,France,-26,2026-02-09,86
CR-V LHD,Italy,-26,2026-02-09,41
CR-V LHD,Spain,-26,2026-02-09,55
CR-V LHD,Netherlands,-26,2026-02-09,21
CR-V LHD,Belgium,-26,2026-02-09,31
CR-V LHD,Poland,-26,2026-02-09,42
CR-V LHD,Nordics,-26,2026-02-09,55
CR-V LHD,Portugal,-26,2026-02-09,33
CR-V RHD,UK,-26,2026-02-09,134
CR-V RHD,Ireland,-26,2026-02-09,20
HR-V LHD,Germany,-26,2026-02-09,58
HR-V LHD,France,-26,2026-02-09,50
HR-V LHD,Italy,-26,2026-02-09,33
HR-V LHD,Spain,-26,2026-02-09,18
HR-V LHD,Netherlands,-26,2026-02-09,19
HR-V LHD,Belgium,-26,2026-02-09,23
HR-V LHD,Poland,-26,2026-02-09,8
HR-V LHD,Nordics,-26,2026-02-09,18
HR-V LHD,Portugal,-26,2026-02-09,22
HR-V RHD,UK,-26,2026-02-09,67
HR-V RHD,Ireland,-26,2026-02-09,7
Jazz LHD,Germany,-26,2026-02-09,71
Jazz LHD,France,-26,2026-02-09,59
Jazz LHD,Italy,-26,2026-02-09,41
Jazz LHD,Spain,-26,2026-02-09,22
Jazz LHD,Netherlands,-26,2026-02-09,22
Jazz LHD,Belgium,-26,2026-02-09,28
Jazz LHD,Poland,-26,2026-02-09,10
Jazz LHD,Nordics,-26,2026-02-09,21
Jazz LHD,Portugal,-26,2026-02-09,26
Jazz RHD,UK,-26,2026-02-09,81
Jazz RHD,Ireland,-26,2026-02-09,9
e:Ny1 LHD,Germany,-26,2026-02-09,23
e:Ny1 LHD,France,-26,2026-02-09,17
e:Ny1 LHD,Netherlands,-26,2026-02-09,9
e:Ny1 LHD,Belgium,-26,2026-02-09,7
e:Ny1 LHD,Nordics,-26,2026-02-09,5
e:Ny1 RHD,UK,-26,2026-02-09,25
e:Ny1 RHD,Ireland,-26,2026-02-09,3
Civic LHD,Germany,-25,2026-02-16,108
Civic LHD,France,-25,2026-02-16,89
Civic LHD,Italy,-25,2026-02-16,63
Civic LHD,Spain,-25,2026-02-16,37
Civic LHD,Netherlands,-25,2026-02-16,32
Civic LHD,Belgium,-25,2026-02-16,46
Civic LHD,Poland,-25,2026-02-16,42
Civic LHD,Nordics,-25,2026-02-16,37
Civic LHD,Portugal,-25,2026-02-16,23
Civic RHD,UK,-25,2026-02-16,128
Civic RHD,Ireland,-25,2026-02-16,11
CR-V LHD,Germany,-25,2026-02-16,108
CR-V LHD,France,-25,2026-02-16,89
CR-V LHD,Italy,-25,2026-02-16,63
CR-V LHD,Spain,-25,2026-02-16,37
CR-V LHD,Netherlands,-25,2026-02-16,32
CR-V LHD,Belgium,-25,2026-02-16,46
CR-V LHD,Poland,-25,2026-02-16,42
CR-V LHD,Nordics,-25,2026-02-16,37
CR-V LHD,Portugal,-25,2026-02-16,23
CR-V RHD,UK,-25,2026-02-16,128
CR-V RHD,Ireland,-25,2026-02-16,11
HR-V LHD,Germany,-25,2026-02-16,60
HR-V LHD,France,-25,2026-02-16,43
HR-V LHD,Italy,-25,2026-02-16,21
HR-V LHD,Spain,-25,2026-02-16,28
HR-V LHD,Netherlands,-25,2026-02-16,11
HR-V LHD,Belgium,-25,2026-02-16,15
HR-V LHD,Poland,-25,2026-02-16,21
HR-V LHD,Nordics,-25,2026-02-16,28
HR-V LHD,Portugal,-25,2026-02-16,16
HR-V RHD,UK,-25,2026-02-16,67
HR-V RHD,Ireland,-25,2026-02-16,10
Jazz LHD,Germany,-25,2026-02-16,72
Jazz LHD,France,-25,2026-02-16,52
Jazz LHD,Italy,-25,2026-02-16,25
Jazz LHD,Spain,-25,2026-02-16,33
Jazz LHD,Netherlands,-25,2026-02-16,13
Jazz LHD,Belgium,-25,2026-02-16,19
Jazz LHD,Poland,-25,2026-02-16,25
Jazz LHD,Nordics,-25,2026-02-16,34
Jazz LHD,Portugal,-25,2026-02-16,20
Jazz RHD,UK,-25,2026-02-16,81
Jazz RHD,Ireland,-25,2026-02-16,12
e:Ny1 LHD,Germany,-25,2026-02-16,19
e:Ny1 LHD,France,-25,2026-02-16,17
e:Ny1 LHD,Netherlands,-25,2026-02-16,5
e:Ny1 LHD,Belgium,-25,2026-02-16,5
e:Ny1 LHD,Nordics,-25,2026-02-16,8
e:Ny1 RHD,UK,-25,2026-02-16,27
e:Ny1 RHD,Ireland,-25,2026-02-16,4
Civic LHD,Germany,-24,2026-02-23,107
Civic LHD,France,-24,2026-02-23,79
Civic LHD,Italy,-24,2026-02-23,42
Civic LHD,Spain,-24,2026-02-23,59
Civic LHD,Netherlands,-24,2026-02-23,21
Civic LHD,Belgium,-24,2026-02-23,30
Civic LHD,Poland,-24,2026-02-23,21
Civic LHD,Nordics,-24,2026-02-23,55
Civic LHD,Portugal,-24,2026-02-23,31
Civic RHD,UK,-24,2026-02-23,134
Civic RHD,Ireland,-24,2026-02-23,18
CR-V LHD,Germany,-24,2026-02-23,107
CR-V LHD,France,-24,2026-02-23,79
CR-V LHD,Italy,-24,2026-02-23,42
CR-V LHD,Spain,-24,2026-02-23,59
CR-V LHD,Netherlands,-24,2026-02-23,21
CR-V LHD,Belgium,-24,2026-02-23,30
CR-V LHD,Poland,-24,2026-02-23,21
CR-V LHD,Nordics,-24,2026-02-23,55
CR-V LHD,Portugal,-24,2026-02-23,31
CR-V RHD,UK,-24,2026-02-23,134
CR-V RHD,Ireland,-24,2026-02-23,18
HR-V LHD,Germany,-24,2026-02-23,54
HR-V LHD,France,-24,2026-02-23,45
HR-V LHD,Italy,-24,2026-02-23,31
HR-V LHD,Spain,-24,2026-02-23,19
HR-V LHD,Netherlands,-24,2026-02-23,16
HR-V LHD,Belgium,-24,2026-02-23,23
HR-V LHD,Poland,-24,2026-02-23,21
HR-V LHD,Nordics,-24,2026-02-23,19
HR-V LHD,Portugal,-24,2026-02-23,12
HR-V RHD,UK,-24,2026-02-23,65
HR-V RHD,Ireland,-24,2026-02-23,6
Jazz LHD,Germany,-24,2026-02-23,64
Jazz LHD,France,-24,2026-02-23,53
Jazz LHD,Italy,-24,2026-02-23,37
Jazz LHD,Spain,-24,2026-02-23,22
Jazz LHD,Netherlands,-24,2026-02-23,19
Jazz LHD,Belgium,-24,2026-02-23,27
Jazz LHD,Poland,-24,2026-02-23,25
Jazz LHD,Nordics,-24,2026-02-23,22
Jazz LHD,Portugal,-24,2026-02-23,14
Jazz RHD,UK,-24,2026-02-23,78
Jazz RHD,Ireland,-24,2026-02-23,7
e:Ny1 LHD,Germany,-24,2026-02-23,20
e:Ny1 LHD,France,-24,2026-02-23,14
e:Ny1 LHD,Netherlands,-24,2026-02-23,9
e:Ny1 LHD,Belgium,-24,2026-02-23,6
e:Ny1 LHD,Nordics,-24,2026-02-23,5
e:Ny1 RHD,UK,-24,2026-02-23,25
e:Ny1 RHD,Ireland,-24,2026-02-23,2
Civic LHD,Germany,-23,2026-03-02,102
Civic LHD,France,-23,2026-03-02,80
Civic LHD,Italy,-23,2026-03-02,66
Civic LHD,Spain,-23,2026-03-02,42
Civic LHD,Netherlands,-23,2026-03-02,36
Civic LHD,Belgium,-23,2026-03-02,40
Civic LHD,Poland,-23,2026-03-02,24
Civic LHD,Nordics,-23,2026-03-02,35
Civic LHD,Portugal,-23,2026-03-02,23
Civic RHD,UK,-23,2026-03-02,135
Civic RHD,Ireland,-23,2026-03-02,12
CR-V LHD,Germany,-23,2026-03-02,102
CR-V LHD,France,-23,2026-03-02,80
CR-V LHD,Italy,-23,2026-03-02,66
CR-V LHD,Spain,-23,2026-03-02,41
CR-V LHD,Netherlands,-23,2026-03-02,36
CR-V LHD,Belgium,-23,2026-03-02,40
CR-V LHD,Poland,-23,2026-03-02,24
CR-V LHD,Nordics,-23,2026-03-02,35
CR-V LHD,Portugal,-23,2026-03-02,23
CR-V RHD,UK,-23,2026-03-02,135
CR-V RHD,Ireland,-23,2026-03-02,12
HR-V LHD,Germany,-23,2026-03-02,54
HR-V LHD,France,-23,2026-03-02,40
HR-V LHD,Italy,-23,2026-03-02,21
HR-V LHD,Spain,-23,2026-03-02,30
HR-V LHD,Netherlands,-23,2026-03-02,10
HR-V LHD,Belgium,-23,2026-03-02,15
HR-V LHD,Poland,-23,2026-03-02,11
HR-V LHD,Nordics,-23,2026-03-02,27
HR-V LHD,Portugal,-23,2026-03-02,15
HR-V RHD,UK,-23,2026-03-02,67
HR-V RHD,Ireland,-23,2026-03-02,9
Jazz LHD,Germany,-23,2026-03-02,65
Jazz LHD,France,-23,2026-03-02,48
Jazz LHD,Italy,-23,2026-03-02,25
Jazz LHD,Spain,-23,2026-03-02,36
Jazz LHD,Netherlands,-23,2026-03-02,13
Jazz LHD,Belgium,-23,2026-03-02,18
Jazz LHD,Poland,-23,2026-03-02,13
Jazz LHD,Nordics,-23,2026-03-02,33
Jazz LHD,Portugal,-23,2026-03-02,18
Jazz RHD,UK,-23,2026-03-02,80
Jazz RHD,Ireland,-23,2026-03-02,10
e:Ny1 LHD,Germany,-23,2026-03-02,21
e:Ny1 LHD,France,-23,2026-03-02,15
e:Ny1 LHD,Netherlands,-23,2026-03-02,5
e:Ny1 LHD,Belgium,-23,2026-03-02,4
e:Ny1 LHD,Nordics,-23,2026-03-02,8
e:Ny1 RHD,UK,-23,2026-03-02,29
e:Ny1 RHD,Ireland,-23,2026-03-02,4
Civic LHD,Germany,-22,2026-03-09,113
Civic LHD,France,-22,2026-03-09,75
Civic LHD,Italy,-22,2026-03-09,46
Civic LHD,Spain,-22,2026-03-09,53
Civic LHD,Netherlands,-22,2026-03-09,25
Civic LHD,Belgium,-22,2026-03-09,24
Civic LHD,Poland,-22,2026-03-09,24
Civic LHD,Nordics,-22,2026-03-09,47
Civic LHD,Portugal,-22,2026-03-09,30
Civic RHD,UK,-22,2026-03-09,149
Civic RHD,Ireland,-22,2026-03-09,19
CR-V LHD,Germany,-22,2026-03-09,113
CR-V LHD,France,-22,2026-03-09,75
CR-V LHD,Italy,-22,2026-03-09,46
CR-V LHD,Spain,-22,2026-03-09,53
CR-V LHD,Netherlands,-22,2026-03-09,25
CR-V LHD,Belgium,-22,2026-03-09,24
CR-V LHD,Poland,-22,2026-03-09,24
CR-V LHD,Nordics,-22,2026-03-09,47
CR-V LHD,Portugal,-22,2026-03-09,30
CR-V RHD,UK,-22,2026-03-09,149
CR-V RHD,Ireland,-22,2026-03-09,19
HR-V LHD,Germany,-22,2026-03-09,51
HR-V LHD,France,-22,2026-03-09,39
HR-V LHD,Italy,-22,2026-03-09,34
HR-V LHD,Spain,-22,2026-03-09,21
HR-V LHD,Netherlands,-22,2026-03-09,18
HR-V LHD,Belgium,-22,2026-03-09,19
HR-V LHD,Poland,-22,2026-03-09,12
HR-V LHD,Nordics,-22,2026-03-09,18
HR-V LHD,Portugal,-22,2026-03-09,12
HR-V RHD,UK,-22,2026-03-09,68
HR-V RHD,Ireland,-22,2026-03-09,6
Jazz LHD,Germany,-22,2026-03-09,61
Jazz LHD,France,-22,2026-03-09,48
Jazz LHD,Italy,-22,2026-03-09,40
Jazz LHD,Spain,-22,2026-03-09,25
Jazz LHD,Netherlands,-22,2026-03-09,21
Jazz LHD,Belgium,-22,2026-03-09,24
Jazz LHD,Poland,-22,2026-03-09,15
Jazz LHD,Nordics,-22,2026-03-09,21
Jazz LHD,Portugal,-22,2026-03-09,14
Jazz RHD,UK,-22,2026-03-09,81
Jazz RHD,Ireland,-22,2026-03-09,7
e:Ny1 LHD,Germany,-22,2026-03-09,23
e:Ny1 LHD,France,-22,2026-03-09,16
e:Ny1 LHD,Netherlands,-22,2026-03-09,9
e:Ny1 LHD,Belgium,-22,2026-03-09,6
e:Ny1 LHD,Nordics,-22,2026-03-09,4
e:Ny1 RHD,UK,-22,2026-03-09,29
e:Ny1 RHD,Ireland,-22,2026-03-09,2
Civic LHD,Germany,-21,2026-03-16,111
Civic LHD,France,-21,2026-03-16,84
Civic LHD,Italy,-21,2026-03-16,59
Civic LHD,Spain,-21,2026-03-16,29
Civic LHD,Netherlands,-21,2026-03-16,37
Civic LHD,Belgium,-21,2026-03-16,39
Civic LHD,Poland,-21,2026-03-16,12
Civic LHD,Nordics,-21,2026-03-16,29
Civic LHD,Portugal,-21,2026-03-16,41
Civic RHD,UK,-21,2026-03-16,146
Civic RHD,Ireland,-21,2026-03-16,13
CR-V LHD,Germany,-21,2026-03-16,110
CR-V LHD,France,-21,2026-03-16,84
CR-V LHD,Italy,-21,2026-03-16,59
CR-V LHD,Spain,-21,2026-03-16,29
CR-V LHD,Netherlands,-21,2026-03-16,37
CR-V LHD,Belgium,-21,2026-03-16,39
CR-V LHD,Poland,-21,2026-03-16,12
CR-V LHD,Nordics,-21,2026-03-16,29
CR-V LHD,Portugal,-21,2026-03-16,41
CR-V RHD,UK,-21,2026-03-16,146
CR-V RHD,Ireland,-21,2026-03-16,13
HR-V LHD,Germany,-21,2026-03-16,57
HR-V LHD,France,-21,2026-03-16,38
HR-V LHD,Italy,-21,2026-03-16,23
HR-V LHD,Spain,-21,2026-03-16,26
HR-V LHD,Netherlands,-21,2026-03-16,12
HR-V LHD,Belgium,-21,2026-03-16,12
HR-V LHD,Poland,-21,2026-03-16,12
HR-V LHD,Nordics,-21,2026-03-16,24
HR-V LHD,Portugal,-21,2026-03-16,15
HR-V RHD,UK,-21,2026-03-16,74
HR-V RHD,Ireland,-21,2026-03-16,10
Jazz LHD,Germany,-21,2026-03-16,68
Jazz LHD,France,-21,2026-03-16,44
Jazz LHD,Italy,-21,2026-03-16,28
Jazz LHD,Spain,-21,2026-03-16,31
Jazz LHD,Netherlands,-21,2026-03-16,15
Jazz LHD,Belgium,-21,2026-03-16,15
Jazz LHD,Poland,-21,2026-03-16,14
Jazz LHD,Nordics,-21,2026-03-16,29
Jazz LHD,Portugal,-21,2026-03-16,18
Jazz RHD,UK,-21,2026-03-16,89
Jazz RHD,Ireland,-21,2026-03-16,12
e:Ny1 LHD,Germany,-21,2026-03-16,22
e:Ny1 LHD,France,-21,2026-03-16,15
e:Ny1 LHD,Netherlands,-21,2026-03-16,6
e:Ny1 LHD,Belgium,-21,2026-03-16,4
e:Ny1 LHD,Nordics,-21,2026-03-16,7
e:Ny1 RHD,UK,-21,2026-03-16,32
e:Ny1 RHD,Ireland,-21,2026-03-16,4
Civic LHD,Germany,-20,2026-03-23,129
Civic LHD,France,-20,2026-03-23,81
Civic LHD,Italy,-20,2026-03-23,33
Civic LHD,Spain,-20,2026-03-23,42
Civic LHD,Netherlands,-20,2026-03-23,25
Civic LHD,Belgium,-20,2026-03-23,27
Civic LHD,Poland,-20,2026-03-23,37
Civic LHD,Nordics,-20,2026-03-23,48
Civic LHD,Portugal,-20,2026-03-23,30
Civic RHD,UK,-20,2026-03-23,152
Civic RHD,Ireland,-20,2026-03-23,20
CR-V LHD,Germany,-20,2026-03-23,129
CR-V LHD,France,-20,2026-03-23,80
CR-V LHD,Italy,-20,2026-03-23,33
CR-V LHD,Spain,-20,2026-03-23,42
CR-V LHD,Netherlands,-20,2026-03-23,25
CR-V LHD,Belgium,-20,2026-03-23,27
CR-V LHD,Poland,-20,2026-03-23,37
CR-V LHD,Nordics,-20,2026-03-23,48
CR-V LHD,Portugal,-20,2026-03-23,30
CR-V RHD,UK,-20,2026-03-23,152
CR-V RHD,Ireland,-20,2026-03-23,20
HR-V LHD,Germany,-20,2026-03-23,55
HR-V LHD,France,-20,2026-03-23,42
HR-V LHD,Italy,-20,2026-03-23,29
HR-V LHD,Spain,-20,2026-03-23,14
HR-V LHD,Netherlands,-20,2026-03-23,19
HR-V LHD,Belgium,-20,2026-03-23,20
HR-V LHD,Poland,-20,2026-03-23,6
HR-V LHD,Nordics,-20,2026-03-23,14
HR-V LHD,Portugal,-20,2026-03-23,20
HR-V RHD,UK,-20,2026-03-23,74
HR-V RHD,Ireland,-20,2026-03-23,6
Jazz LHD,Germany,-20,2026-03-23,67
Jazz LHD,France,-20,2026-03-23,50
Jazz LHD,Italy,-20,2026-03-23,36
Jazz LHD,Spain,-20,2026-03-23,17
Jazz LHD,Netherlands,-20,2026-03-23,22
Jazz LHD,Belgium,-20,2026-03-23,23
Jazz LHD,Poland,-20,2026-03-23,7
Jazz LHD,Nordics,-20,2026-03-23,17
Jazz LHD,Portugal,-20,2026-03-23,24
Jazz RHD,UK,-20,2026-03-23,88
Jazz RHD,Ireland,-20,2026-03-23,8
e:Ny1 LHD,Germany,-20,2026-03-23,26
e:Ny1 LHD,France,-20,2026-03-23,17
e:Ny1 LHD,Netherlands,-20,2026-03-23,11
e:Ny1 LHD,Belgium,-20,2026-03-23,7
e:Ny1 LHD,Nordics,-20,2026-03-23,5
e:Ny1 RHD,UK,-20,2026-03-23,33
e:Ny1 RHD,Ireland,-20,2026-03-23,3
Civic LHD,Germany,-19,2026-03-30,121
Civic LHD,France,-19,2026-03-30,95
Civic LHD,Italy,-19,2026-03-30,48
Civic LHD,Spain,-19,2026-03-30,29
Civic LHD,Netherlands,-19,2026-03-30,36
Civic LHD,Belgium,-19,2026-03-30,48
Civic LHD,Poland,-19,2026-03-30,36
Civic LHD,Nordics,-19,2026-03-30,32
Civic LHD,Portugal,-19,2026-03-30,18
Civic RHD,UK,-19,2026-03-30,148
Civic RHD,Ireland,-19,2026-03-30,13
CR-V LHD,Germany,-19,2026-03-30,121
CR-V LHD,France,-19,2026-03-30,95
CR-V LHD,Italy,-19,2026-03-30,48
CR-V LHD,Spain,-19,2026-03-30,29
CR-V LHD,Netherlands,-19,2026-03-30,36
CR-V LHD,Belgium,-19,2026-03-30,48
CR-V LHD,Poland,-19,2026-03-30,36
CR-V LHD,Nordics,-19,2026-03-30,32
CR-V LHD,Portugal,-19,2026-03-30,18
CR-V RHD,UK,-19,2026-03-30,148
CR-V RHD,Ireland,-19,2026-03-30,13
HR-V LHD,Germany,-19,2026-03-30,64
HR-V LHD,France,-19,2026-03-30,41
HR-V LHD,Italy,-19,2026-03-30,17
HR-V LHD,Spain,-19,2026-03-30,22
HR-V LHD,Netherlands,-19,2026-03-30,12
HR-V LHD,Belgium,-19,2026-03-30,13
HR-V LHD,Poland,-19,2026-03-30,19
HR-V LHD,Nordics,-19,2026-03-30,23
HR-V LHD,Portugal,-19,2026-03-30,15
HR-V RHD,UK,-19,2026-03-30,76
HR-V RHD,Ireland,-19,2026-03-30,10
Jazz LHD,Germany,-19,2026-03-30,77
Jazz LHD,France,-19,2026-03-30,50
Jazz LHD,Italy,-19,2026-03-30,19
Jazz LHD,Spain,-19,2026-03-30,26
Jazz LHD,Netherlands,-19,2026-03-30,15
Jazz LHD,Belgium,-19,2026-03-30,16
Jazz LHD,Poland,-19,2026-03-30,22
Jazz LHD,Nordics,-19,2026-03-30,28
Jazz LHD,Portugal,-19,2026-03-30,18
Jazz RHD,UK,-19,2026-03-30,90
Jazz RHD,Ireland,-19,2026-03-30,12
e:Ny1 LHD,Germany,-19,2026-03-30,27
e:Ny1 LHD,France,-19,2026-03-30,20
e:Ny1 LHD,Netherlands,-19,2026-03-30,7
e:Ny1 LHD,Belgium,-19,2026-03-30,5
e:Ny1 LHD,Nordics,-19,2026-03-30,8
e:Ny1 RHD,UK,-19,2026-03-30,36
e:Ny1 RHD,Ireland,-19,2026-03-30,4
Civic LHD,Germany,-18,2026-04-06,124
Civic LHD,France,-18,2026-04-06,90
Civic LHD,Italy,-18,2026-04-06,32
Civic LHD,Spain,-18,2026-04-06,46
Civic LHD,Netherlands,-18,2026-04-06,24
Civic LHD,Belgium,-18,2026-04-06,33
Civic LHD,Poland,-18,2026-04-06,18
Civic LHD,Nordics,-18,2026-04-06,56
Civic LHD,Portugal,-18,2026-04-06,25
Civic RHD,UK,-18,2026-04-06,161
Civic RHD,Ireland,-18,2026-04-06,21
CR-V LHD,Germany,-18,2026-04-06,124
CR-V LHD,France,-18,2026-04-06,90
CR-V LHD,Italy,-18,2026-04-06,32
CR-V LHD,Spain,-18,2026-04-06,46
CR-V LHD,Netherlands,-18,2026-04-06,24
CR-V LHD,Belgium,-18,2026-04-06,33
CR-V LHD,Poland,-18,2026-04-06,18
CR-V LHD,Nordics,-18,2026-04-06,56
CR-V LHD,Portugal,-18,2026-04-06,25
CR-V RHD,UK,-18,2026-04-06,160
CR-V RHD,Ireland,-18,2026-04-06,21
HR-V LHD,Germany,-18,2026-04-06,60
HR-V LHD,France,-18,2026-04-06,46
HR-V LHD,Italy,-18,2026-04-06,24
HR-V LHD,Spain,-18,2026-04-06,14
HR-V LHD,Netherlands,-18,2026-04-06,18
HR-V LHD,Belgium,-18,2026-04-06,24
HR-V LHD,Poland,-18,2026-04-06,18
HR-V LHD,Nordics,-18,2026-04-06,16
HR-V LHD,Portugal,-18,2026-04-06,9
HR-V RHD,UK,-18,2026-04-06,74
HR-V RHD,Ireland,-18,2026-04-06,6
Jazz LHD,Germany,-18,2026-04-06,73
Jazz LHD,France,-18,2026-04-06,56
Jazz LHD,Italy,-18,2026-04-06,30
Jazz LHD,Spain,-18,2026-04-06,17
Jazz LHD,Netherlands,-18,2026-04-06,22
Jazz LHD,Belgium,-18,2026-04-06,28
Jazz LHD,Poland,-18,2026-04-06,22
Jazz LHD,Nordics,-18,2026-04-06,19
Jazz LHD,Portugal,-18,2026-04-06,11
Jazz RHD,UK,-18,2026-04-06,89
Jazz RHD,Ireland,-18,2026-04-06,8
e:Ny1 LHD,Germany,-18,2026-04-06,27
e:Ny1 LHD,France,-18,2026-04-06,19
e:Ny1 LHD,Netherlands,-18,2026-04-06,12
e:Ny1 LHD,Belgium,-18,2026-04-06,7
e:Ny1 LHD,Nordics,-18,2026-04-06,5
e:Ny1 RHD,UK,-18,2026-04-06,35
e:Ny1 RHD,Ireland,-18,2026-04-06,3
Civic LHD,Germany,-17,2026-04-13,122
Civic LHD,France,-17,2026-04-13,92
Civic LHD,Italy,-17,2026-04-13,52
Civic LHD,Spain,-17,2026-04-13,33
Civic LHD,Netherlands,-17,2026-04-13,42
Civic LHD,Belgium,-17,2026-04-13,46
Civic LHD,Poland,-17,2026-04-13,27
Civic LHD,Nordics,-17,2026-04-13,40
Civic LHD,Portugal,-17,2026-04-13,18
Civic RHD,UK,-17,2026-04-13,155
Civic RHD,Ireland,-17,2026-04-13,14
CR-V LHD,Germany,-17,2026-04-13,122
CR-V LHD,France,-17,2026-04-13,92
CR-V LHD,Italy,-17,2026-04-13,52
CR-V LHD,Spain,-17,2026-04-13,33
CR-V LHD,Netherlands,-17,2026-04-13,42
CR-V LHD,Belgium,-17,2026-04-13,46
CR-V LHD,Poland,-17,2026-04-13,27
CR-V LHD,Nordics,-17,2026-04-13,40
CR-V LHD,Portugal,-17,2026-04-13,18
CR-V RHD,UK,-17,2026-04-13,155
CR-V RHD,Ireland,-17,2026-04-13,14
HR-V LHD,Germany,-17,2026-04-13,63
HR-V LHD,France,-17,2026-04-13,44
HR-V LHD,Italy,-17,2026-04-13,16
HR-V LHD,Spain,-17,2026-04-13,22
HR-V LHD,Netherlands,-17,2026-04-13,12
HR-V LHD,Belgium,-17,2026-04-13,17
HR-V LHD,Poland,-17,2026-04-13,9
HR-V LHD,Nordics,-17,2026-04-13,28
HR-V LHD,Portugal,-17,2026-04-13,12
HR-V RHD,UK,-17,2026-04-13,79
HR-V RHD,Ireland,-17,2026-04-13,10
Jazz LHD,Germany,-17,2026-04-13,74
Jazz LHD,France,-17,2026-04-13,54
Jazz LHD,Italy,-17,2026-04-13,19
Jazz LHD,Spain,-17,2026-04-13,28
Jazz LHD,Netherlands,-17,2026-04-13,14
Jazz LHD,Belgium,-17,2026-04-13,20
Jazz LHD,Poland,-17,2026-04-13,11
Jazz LHD,Nordics,-17,2026-04-13,34
Jazz LHD,Portugal,-17,2026-04-13,15
Jazz RHD,UK,-17,2026-04-13,97
Jazz RHD,Ireland,-17,2026-04-13,13
e:Ny1 LHD,Germany,-17,2026-04-13,28
e:Ny1 LHD,France,-17,2026-04-13,20
e:Ny1 LHD,Netherlands,-17,2026-04-13,7
e:Ny1 LHD,Belgium,-17,2026-04-13,5
e:Ny1 LHD,Nordics,-17,2026-04-13,9
e:Ny1 RHD,UK,-17,2026-04-13,39
e:Ny1 RHD,Ireland,-17,2026-04-13,6
Civic LHD,Germany,-16,2026-04-20,131
Civic LHD,France,-16,2026-04-20,90
Civic LHD,Italy,-16,2026-04-20,37
Civic LHD,Spain,-16,2026-04-20,49
Civic LHD,Netherlands,-16,2026-04-20,30
Civic LHD,Belgium,-16,2026-04-20,29
Civic LHD,Poland,-16,2026-04-20,27
Civic LHD,Nordics,-16,2026-04-20,55
Civic LHD,Portugal,-16,2026-04-20,25
Civic RHD,UK,-16,2026-04-20,164
Civic RHD,Ireland,-16,2026-04-20,22
CR-V LHD,Germany,-16,2026-04-20,131
CR-V LHD,France,-16,2026-04-20,90
CR-V LHD,Italy,-16,2026-04-20,37
CR-V LHD,Spain,-16,2026-04-20,49
CR-V LHD,Netherlands,-16,2026-04-20,30
CR-V LHD,Belgium,-16,2026-04-20,29
CR-V LHD,Poland,-16,2026-04-20,27
CR-V LHD,Nordics,-16,2026-04-20,55
CR-V LHD,Portugal,-16,2026-04-20,25
CR-V RHD,UK,-16,2026-04-20,164
CR-V RHD,Ireland,-16,2026-04-20,22
HR-V LHD,Germany,-16,2026-04-20,60
HR-V LHD,France,-16,2026-04-20,47
HR-V LHD,Italy,-16,2026-04-20,26
HR-V LHD,Spain,-16,2026-04-20,17
HR-V LHD,Netherlands,-16,2026-04-20,21
HR-V LHD,Belgium,-16,2026-04-20,23
HR-V LHD,Poland,-16,2026-04-20,13
HR-V LHD,Nordics,-16,2026-04-20,20
HR-V LHD,Portugal,-16,2026-04-20,9
HR-V RHD,UK,-16,2026-04-20,78
HR-V RHD,Ireland,-16,2026-04-20,7
Jazz LHD,Germany,-16,2026-04-20,73
Jazz LHD,France,-16,2026-04-20,56
Jazz LHD,Italy,-16,2026-04-20,31
Jazz LHD,Spain,-16,2026-04-20,20
Jazz LHD,Netherlands,-16,2026-04-20,25
Jazz LHD,Belgium,-16,2026-04-20,27
Jazz LHD,Poland,-16,2026-04-20,16
Jazz LHD,Nordics,-16,2026-04-20,24
Jazz LHD,Portugal,-16,2026-04-20,11
Jazz RHD,UK,-16,2026-04-20,94
Jazz RHD,Ireland,-16,2026-04-20,8
e:Ny1 LHD,Germany,-16,2026-04-20,31
e:Ny1 LHD,France,-16,2026-04-20,21
e:Ny1 LHD,Netherlands,-16,2026-04-20,13
e:Ny1 LHD,Belgium,-16,2026-04-20,8
e:Ny1 LHD,Nordics,-16,2026-04-20,6
e:Ny1 RHD,UK,-16,2026-04-20,39
e:Ny1 RHD,Ireland,-16,2026-04-20,3
Civic LHD,Germany,-15,2026-04-27,121
Civic LHD,France,-15,2026-04-27,96
Civic LHD,Italy,-15,2026-04-27,56
Civic LHD,Spain,-15,2026-04-27,33
Civic LHD,Netherlands,-15,2026-04-27,42
Civic LHD,Belgium,-15,2026-04-27,43
Civic LHD,Poland,-15,2026-04-27,13
Civic LHD,Nordics,-15,2026-04-27,35
Civic LHD,Portugal,-15,2026-04-27,33
Civic RHD,UK,-15,2026-04-27,160
Civic RHD,Ireland,-15,2026-04-27,14
CR-V LHD,Germany,-15,2026-04-27,121
CR-V LHD,France,-15,2026-04-27,96
CR-V LHD,Italy,-15,2026-04-27,56
CR-V LHD,Spain,-15,2026-04-27,33
CR-V LHD,Netherlands,-15,2026-04-27,42
CR-V LHD,Belgium,-15,2026-04-27,43
CR-V LHD,Poland,-15,2026-04-27,13
CR-V LHD,Nordics,-15,2026-04-27,35
CR-V LHD,Portugal,-15,2026-04-27,33
CR-V RHD,UK,-15,2026-04-27,160
CR-V RHD,Ireland,-15,2026-04-27,14
HR-V LHD,Germany,-15,2026-04-27,66
HR-V LHD,France,-15,2026-04-27,45
HR-V LHD,Italy,-15,2026-04-27,19
HR-V LHD,Spain,-15,2026-04-27,25
HR-V LHD,Netherlands,-15,2026-04-27,15
HR-V LHD,Belgium,-15,2026-04-27,14
HR-V LHD,Poland,-15,2026-04-27,13
HR-V LHD,Nordics,-15,2026-04-27,28
HR-V LHD,Portugal,-15,2026-04-27,12
HR-V RHD,UK,-15,2026-04-27,82
HR-V RHD,Ireland,-15,2026-04-27,11
Jazz LHD,Germany,-15,2026-04-27,79
Jazz LHD,France,-15,2026-04-27,53
Jazz LHD,Italy,-15,2026-04-27,22
Jazz LHD,Spain,-15,2026-04-27,30
Jazz LHD,Netherlands,-15,2026-04-27,18
Jazz LHD,Belgium,-15,2026-04-27,17
Jazz LHD,Poland,-15,2026-04-27,16
Jazz LHD,Nordics,-15,2026-04-27,33
Jazz LHD,Portugal,-15,2026-04-27,15
Jazz RHD,UK,-15,2026-04-27,98
Jazz RHD,Ireland,-15,2026-04-27,13
e:Ny1 LHD,Germany,-15,2026-04-27,30
e:Ny1 LHD,France,-15,2026-04-27,22
e:Ny1 LHD,Netherlands,-15,2026-04-27,9
e:Ny1 LHD,Belgium,-15,2026-04-27,6
e:Ny1 LHD,Nordics,-15,2026-04-27,10
e:Ny1 RHD,UK,-15,2026-04-27,43
e:Ny1 RHD,Ireland,-15,2026-04-27,6
Civic LHD,Germany,-14,2026-05-04,141
Civic LHD,France,-14,2026-05-04,90
Civic LHD,Italy,-14,2026-05-04,37
Civic LHD,Spain,-14,2026-05-04,49
Civic LHD,Netherlands,-14,2026-05-04,26
Civic LHD,Belgium,-14,2026-05-04,29
Civic LHD,Poland,-14,2026-05-04,40
Civic LHD,Nordics,-14,2026-05-04,52
Civic LHD,Portugal,-14,2026-05-04,24
Civic RHD,UK,-14,2026-05-04,169
Civic RHD,Ireland,-14,2026-05-04,22
CR-V LHD,Germany,-14,2026-05-04,141
CR-V LHD,France,-14,2026-05-04,90
CR-V LHD,Italy,-14,2026-05-04,37
CR-V LHD,Spain,-14,2026-05-04,49
CR-V LHD,Netherlands,-14,2026-05-04,26
CR-V LHD,Belgium,-14,2026-05-04,29
CR-V LHD,Poland,-14,2026-05-04,40
CR-V LHD,Nordics,-14,2026-05-04,52
CR-V LHD,Portugal,-14,2026-05-04,24
CR-V RHD,UK,-14,2026-05-04,169
CR-V RHD,Ireland,-14,2026-05-04,22
HR-V LHD,Germany,-14,2026-05-04,61
HR-V LHD,France,-14,2026-05-04,48
HR-V LHD,Italy,-14,2026-05-04,28
HR-V LHD,Spain,-14,2026-05-04,17
HR-V LHD,Netherlands,-14,2026-05-04,21
HR-V LHD,Belgium,-14,2026-05-04,22
HR-V LHD,Poland,-14,2026-05-04,7
HR-V LHD,Nordics,-14,2026-05-04,17
HR-V LHD,Portugal,-14,2026-05-04,17
HR-V RHD,UK,-14,2026-05-04,80
HR-V RHD,Ireland,-14,2026-05-04,7
Jazz LHD,Germany,-14,2026-05-04,72
Jazz LHD,France,-14,2026-05-04,58
Jazz LHD,Italy,-14,2026-05-04,34
Jazz LHD,Spain,-14,2026-05-04,20
Jazz LHD,Netherlands,-14,2026-05-04,25
Jazz LHD,Belgium,-14,2026-05-04,27
Jazz LHD,Poland,-14,2026-05-04,8
Jazz LHD,Nordics,-14,2026-05-04,21
Jazz LHD,Portugal,-14,2026-05-04,19
Jazz RHD,UK,-14,2026-05-04,96
Jazz RHD,Ireland,-14,2026-05-04,8
e:Ny1 LHD,Germany,-14,2026-05-04,33
e:Ny1 LHD,France,-14,2026-05-04,23
e:Ny1 LHD,Netherlands,-14,2026-05-04,13
e:Ny1 LHD,Belgium,-14,2026-05-04,9
e:Ny1 LHD,Nordics,-14,2026-05-04,7
e:Ny1 RHD,UK,-14,2026-05-04,42
e:Ny1 RHD,Ireland,-14,2026-05-04,3
Civic LHD,Germany,-13,2026-05-11,136
Civic LHD,France,-13,2026-05-11,105
Civic LHD,Italy,-13,2026-05-11,55
Civic LHD,Spain,-13,2026-05-11,32
Civic LHD,Netherlands,-13,2026-05-11,40
Civic LHD,Belgium,-13,2026-05-11,53
Civic LHD,Poland,-13,2026-05-11,39
Civic LHD,Nordics,-13,2026-05-11,35
Civic LHD,Portugal,-13,2026-05-11,21
Civic RHD,UK,-13,2026-05-11,165
Civic RHD,Ireland,-13,2026-05-11,15
CR-V LHD,Germany,-13,2026-05-11,135
CR-V LHD,France,-13,2026-05-11,105
CR-V LHD,Italy,-13,2026-05-11,55
CR-V LHD,Spain,-13,2026-05-11,32
CR-V LHD,Netherlands,-13,2026-05-11,40
CR-V LHD,Belgium,-13,2026-05-11,53
CR-V LHD,Poland,-13,2026-05-11,39
CR-V LHD,Nordics,-13,2026-05-11,35
CR-V LHD,Portugal,-13,2026-05-11,21
CR-V RHD,UK,-13,2026-05-11,165
CR-V RHD,Ireland,-13,2026-05-11,15
HR-V LHD,Germany,-13,2026-05-11,71
HR-V LHD,France,-13,2026-05-11,45
HR-V LHD,Italy,-13,2026-05-11,19
HR-V LHD,Spain,-13,2026-05-11,24
HR-V LHD,Netherlands,-13,2026-05-11,13
HR-V LHD,Belgium,-13,2026-05-11,15
HR-V LHD,Poland,-13,2026-05-11,20
HR-V LHD,Nordics,-13,2026-05-11,27
HR-V LHD,Portugal,-13,2026-05-11,12
HR-V RHD,UK,-13,2026-05-11,84
HR-V RHD,Ireland,-13,2026-05-11,11
Jazz LHD,Germany,-13,2026-05-11,85
Jazz LHD,France,-13,2026-05-11,55
Jazz LHD,Italy,-13,2026-05-11,22
Jazz LHD,Spain,-13,2026-05-11,30
Jazz LHD,Netherlands,-13,2026-05-11,15
Jazz LHD,Belgium,-13,2026-05-11,17
Jazz LHD,Poland,-13,2026-05-11,24
Jazz LHD,Nordics,-13,2026-05-11,31
Jazz LHD,Portugal,-13,2026-05-11,15
Jazz RHD,UK,-13,2026-05-11,102
Jazz RHD,Ireland,-13,2026-05-11,13
e:Ny1 LHD,Germany,-13,2026-05-11,34
e:Ny1 LHD,France,-13,2026-05-11,25
e:Ny1 LHD,Netherlands,-13,2026-05-11,9
e:Ny1 LHD,Belgium,-13,2026-05-11,6
e:Ny1 LHD,Nordics,-13,2026-05-11,10
e:Ny1 RHD,UK,-13,2026-05-11,44
e:Ny1 RHD,Ireland,-13,2026-05-11,6
Civic LHD,Germany,-12,2026-05-18,139
Civic LHD,France,-12,2026-05-18,100
Civic LHD,Italy,-12,2026-05-18,35
Civic LHD,Spain,-12,2026-05-18,54
Civic LHD,Netherlands,-12,2026-05-18,27
Civic LHD,Belgium,-12,2026-05-18,38
Civic LHD,Poland,-12,2026-05-18,20
Civic LHD,Nordics,-12,2026-05-18,63
Civic LHD,Portugal,-12,2026-05-18,28
Civic RHD,UK,-12,2026-05-18,175
Civic RHD,Ireland,-12,2026-05-18,22
CR-V LHD,Germany,-12,2026-05-18,139
CR-V LHD,France,-12,2026-05-18,100
CR-V LHD,Italy,-12,2026-05-18,35
CR-V LHD,Spain,-12,2026-05-18,54
CR-V LHD,Netherlands,-12,2026-05-18,27
CR-V LHD,Belgium,-12,2026-05-18,38
CR-V LHD,Poland,-12,2026-05-18,20
CR-V LHD,Nordics,-12,2026-05-18,63
CR-V LHD,Portugal,-12,2026-05-18,28
CR-V RHD,UK,-12,2026-05-18,175
CR-V RHD,Ireland,-12,2026-05-18,22
HR-V LHD,Germany,-12,2026-05-18,67
HR-V LHD,France,-12,2026-05-18,52
HR-V LHD,Italy,-12,2026-05-18,28
HR-V LHD,Spain,-12,2026-05-18,16
HR-V LHD,Netherlands,-12,2026-05-18,21
HR-V LHD,Belgium,-12,2026-05-18,26
HR-V LHD,Poland,-12,2026-05-18,19
HR-V LHD,Nordics,-12,2026-05-18,17
HR-V LHD,Portugal,-12,2026-05-18,11
HR-V RHD,UK,-12,2026-05-18,83
HR-V RHD,Ireland,-12,2026-05-18,7
Jazz LHD,Germany,-12,2026-05-18,82
Jazz LHD,France,-12,2026-05-18,62
Jazz LHD,Italy,-12,2026-05-18,33
Jazz LHD,Spain,-12,2026-05-18,19
Jazz LHD,Netherlands,-12,2026-05-18,24
Jazz LHD,Belgium,-12,2026-05-18,32
Jazz LHD,Poland,-12,2026-05-18,23
Jazz LHD,Nordics,-12,2026-05-18,21
Jazz LHD,Portugal,-12,2026-05-18,13
Jazz RHD,UK,-12,2026-05-18,99
Jazz RHD,Ireland,-12,2026-05-18,9
e:Ny1 LHD,Germany,-12,2026-05-18,35
e:Ny1 LHD,France,-12,2026-05-18,24
e:Ny1 LHD,Netherlands,-12,2026-05-18,15
e:Ny1 LHD,Belgium,-12,2026-05-18,10
e:Ny1 LHD,Nordics,-12,2026-05-18,7
e:Ny1 RHD,UK,-12,2026-05-18,45
e:Ny1 RHD,Ireland,-12,2026-05-18,4
Civic LHD,Germany,-11,2026-05-25,132
Civic LHD,France,-11,2026-05-25,101
Civic LHD,Italy,-11,2026-05-25,61
Civic LHD,Spain,-11,2026-05-25,41
Civic LHD,Netherlands,-11,2026-05-25,46
Civic LHD,Belgium,-11,2026-05-25,50
Civic LHD,Poland,-11,2026-05-25,31
Civic LHD,Nordics,-11,2026-05-25,45
Civic LHD,Portugal,-11,2026-05-25,21
Civic RHD,UK,-11,2026-05-25,165
Civic RHD,Ireland,-11,2026-05-25,15
CR-V LHD,Germany,-11,2026-05-25,132
CR-V LHD,France,-11,2026-05-25,101
CR-V LHD,Italy,-11,2026-05-25,61
CR-V LHD,Spain,-11,2026-05-25,41
CR-V LHD,Netherlands,-11,2026-05-25,46
CR-V LHD,Belgium,-11,2026-05-25,50
CR-V LHD,Poland,-11,2026-05-25,31
CR-V LHD,Nordics,-11,2026-05-25,45
CR-V LHD,Portugal,-11,2026-05-25,21
CR-V RHD,UK,-11,2026-05-25,165
CR-V RHD,Ireland,-11,2026-05-25,15
HR-V LHD,Germany,-11,2026-05-25,69
HR-V LHD,France,-11,2026-05-25,50
HR-V LHD,Italy,-11,2026-05-25,18
HR-V LHD,Spain,-11,2026-05-25,27
HR-V LHD,Netherlands,-11,2026-05-25,13
HR-V LHD,Belgium,-11,2026-05-25,19
HR-V LHD,Poland,-11,2026-05-25,10
HR-V LHD,Nordics,-11,2026-05-25,32
HR-V LHD,Portugal,-11,2026-05-25,14
HR-V RHD,UK,-11,2026-05-25,88
HR-V RHD,Ireland,-11,2026-05-25,12
Jazz LHD,Germany,-11,2026-05-25,83
Jazz LHD,France,-11,2026-05-25,59
Jazz LHD,Italy,-11,2026-05-25,22
Jazz LHD,Spain,-11,2026-05-25,32
Jazz LHD,Netherlands,-11,2026-05-25,16
Jazz LHD,Belgium,-11,2026-05-25,23
Jazz LHD,Poland,-11,2026-05-25,12
Jazz LHD,Nordics,-11,2026-05-25,38
Jazz LHD,Portugal,-11,2026-05-25,17
Jazz RHD,UK,-11,2026-05-25,104
Jazz RHD,Ireland,-11,2026-05-25,13
e:Ny1 LHD,Germany,-11,2026-05-25,36
e:Ny1 LHD,France,-11,2026-05-25,26
e:Ny1 LHD,Netherlands,-11,2026-05-25,10
e:Ny1 LHD,Belgium,-11,2026-05-25,7
e:Ny1 LHD,Nordics,-11,2026-05-25,12
e:Ny1 RHD,UK,-11,2026-05-25,49
e:Ny1 RHD,Ireland,-11,2026-05-25,7
Civic LHD,Germany,-10,2026-06-01,139
Civic LHD,France,-10,2026-06-01,97
Civic LHD,Italy,-10,2026-06-01,45
Civic LHD,Spain,-10,2026-06-01,57
Civic LHD,Netherlands,-10,2026-06-01,33
Civic LHD,Belgium,-10,2026-06-01,31
Civic LHD,Poland,-10,2026-06-01,30
Civic LHD,Nordics,-10,2026-06-01,61
Civic LHD,Portugal,-10,2026-06-01,30
Civic RHD,UK,-10,2026-06-01,171
Civic RHD,Ireland,-10,2026-06-01,23
CR-V LHD,Germany,-10,2026-06-01,139
CR-V LHD,France,-10,2026-06-01,97
CR-V LHD,Italy,-10,2026-06-01,45
CR-V LHD,Spain,-10,2026-06-01,57
CR-V LHD,Netherlands,-10,2026-06-01,33
CR-V LHD,Belgium,-10,2026-06-01,31
CR-V LHD,Poland,-10,2026-06-01,30
CR-V LHD,Nordics,-10,2026-06-01,61
CR-V LHD,Portugal,-10,2026-06-01,30
CR-V RHD,UK,-10,2026-06-01,171
CR-V RHD,Ireland,-10,2026-06-01,23
HR-V LHD,Germany,-10,2026-06-01,66
HR-V LHD,France,-10,2026-06-01,50
HR-V LHD,Italy,-10,2026-06-01,30
HR-V LHD,Spain,-10,2026-06-01,20
HR-V LHD,Netherlands,-10,2026-06-01,24
HR-V LHD,Belgium,-10,2026-06-01,25
HR-V LHD,Poland,-10,2026-06-01,15
HR-V LHD,Nordics,-10,2026-06-01,23
HR-V LHD,Portugal,-10,2026-06-01,10
HR-V RHD,UK,-10,2026-06-01,83
HR-V RHD,Ireland,-10,2026-06-01,7
Jazz LHD,Germany,-10,2026-06-01,79
Jazz LHD,France,-10,2026-06-01,62
Jazz LHD,Italy,-10,2026-06-01,37
Jazz LHD,Spain,-10,2026-06-01,24
Jazz LHD,Netherlands,-10,2026-06-01,28
Jazz LHD,Belgium,-10,2026-06-01,30
Jazz LHD,Poland,-10,2026-06-01,19
Jazz LHD,Nordics,-10,2026-06-01,27
Jazz LHD,Portugal,-10,2026-06-01,12
Jazz RHD,UK,-10,2026-06-01,100
Jazz RHD,Ireland,-10,2026-06-01,9
e:Ny1 LHD,Germany,-10,2026-06-01,38
e:Ny1 LHD,France,-10,2026-06-01,26
e:Ny1 LHD,Netherlands,-10,2026-06-01,16
e:Ny1 LHD,Belgium,-10,2026-06-01,10
e:Ny1 LHD,Nordics,-10,2026-06-01,8
e:Ny1 RHD,UK,-10,2026-06-01,46
e:Ny1 RHD,Ireland,-10,2026-06-01,4
Civic LHD,Germany,-9,2026-06-08,127
Civic LHD,France,-9,2026-06-08,103
Civic LHD,Italy,-9,2026-06-08,64
Civic LHD,Spain,-9,2026-06-08,35
Civic LHD,Netherlands,-9,2026-06-08,43
Civic LHD,Belgium,-9,2026-06-08,47
Civic LHD,Poland,-9,2026-06-08,15
Civic LHD,Nordics,-9,2026-06-08,37
Civic LHD,Portugal,-9,2026-06-08,39
Civic RHD,UK,-9,2026-06-08,163
Civic RHD,Ireland,-9,2026-06-08,15
CR-V LHD,Germany,-9,2026-06-08,126
CR-V LHD,France,-9,2026-06-08,103
CR-V LHD,Italy,-9,2026-06-08,64
CR-V LHD,Spain,-9,2026-06-08,35
CR-V LHD,Netherlands,-9,2026-06-08,43
CR-V LHD,Belgium,-9,2026-06-08,47
CR-V LHD,Poland,-9,2026-06-08,15
CR-V LHD,Nordics,-9,2026-06-08,37
CR-V LHD,Portugal,-9,2026-06-08,39
CR-V RHD,UK,-9,2026-06-08,163
CR-V RHD,Ireland,-9,2026-06-08,15
HR-V LHD,Germany,-9,2026-06-08,70
HR-V LHD,France,-9,2026-06-08,49
HR-V LHD,Italy,-9,2026-06-08,22
HR-V LHD,Spain,-9,2026-06-08,28
HR-V LHD,Netherlands,-9,2026-06-08,16
HR-V LHD,Belgium,-9,2026-06-08,15
HR-V LHD,Poland,-9,2026-06-08,15
HR-V LHD,Nordics,-9,2026-06-08,30
HR-V LHD,Portugal,-9,2026-06-08,15
HR-V RHD,UK,-9,2026-06-08,85
HR-V RHD,Ireland,-9,2026-06-08,12
Jazz LHD,Germany,-9,2026-06-08,84
Jazz LHD,France,-9,2026-06-08,58
Jazz LHD,Italy,-9,2026-06-08,27
Jazz LHD,Spain,-9,2026-06-08,34
Jazz LHD,Netherlands,-9,2026-06-08,19
Jazz LHD,Belgium,-9,2026-06-08,19
Jazz LHD,Poland,-9,2026-06-08,18
Jazz LHD,Nordics,-9,2026-06-08,37
Jazz LHD,Portugal,-9,2026-06-08,18
Jazz RHD,UK,-9,2026-06-08,102
Jazz RHD,Ireland,-9,2026-06-08,14
e:Ny1 LHD,Germany,-9,2026-06-08,38
e:Ny1 LHD,France,-9,2026-06-08,29
e:Ny1 LHD,Netherlands,-9,2026-06-08,11
e:Ny1 LHD,Belgium,-9,2026-06-08,7
e:Ny1 LHD,Nordics,-9,2026-06-08,13
e:Ny1 RHD,UK,-9,2026-06-08,50
e:Ny1 RHD,Ireland,-9,2026-06-08,7
Civic LHD,Germany,-8,2026-06-15,144
Civic LHD,France,-8,2026-06-15,92
Civic LHD,Italy,-8,2026-06-15,39
Civic LHD,Spain,-8,2026-06-15,53
Civic LHD,Netherlands,-8,2026-06-15,27
Civic LHD,Belgium,-8,2026-06-15,30
Civic LHD,Poland,-8,2026-06-15,41
Civic LHD,Nordics,-8,2026-06-15,56
Civic LHD,Portugal,-8,2026-06-15,29
Civic RHD,UK,-8,2026-06-15,167
Civic RHD,Ireland,-8,2026-06-15,22
CR-V LHD,Germany,-8,2026-06-15,144
CR-V LHD,France,-8,2026-06-15,92
CR-V LHD,Italy,-8,2026-06-15,39
CR-V LHD,Spain,-8,2026-06-15,53
CR-V LHD,Netherlands,-8,2026-06-15,27
CR-V LHD,Belgium,-8,2026-06-15,30
CR-V LHD,Poland,-8,2026-06-15,41
CR-V LHD,Nordics,-8,2026-06-15,56
CR-V LHD,Portugal,-8,2026-06-15,29
CR-V RHD,UK,-8,2026-06-15,167
CR-V RHD,Ireland,-8,2026-06-15,22
HR-V LHD,Germany,-8,2026-06-15,63
HR-V LHD,France,-8,2026-06-15,51
HR-V LHD,Italy,-8,2026-06-15,32
HR-V LHD,Spain,-8,2026-06-15,18
HR-V LHD,Netherlands,-8,2026-06-15,21
HR-V LHD,Belgium,-8,2026-06-15,23
HR-V LHD,Poland,-8,2026-06-15,8
HR-V LHD,Nordics,-8,2026-06-15,19
HR-V LHD,Portugal,-8,2026-06-15,19
HR-V RHD,UK,-8,2026-06-15,82
HR-V RHD,Ireland,-8,2026-06-15,7
Jazz LHD,Germany,-8,2026-06-15,76
Jazz LHD,France,-8,2026-06-15,62
Jazz LHD,Italy,-8,2026-06-15,38
Jazz LHD,Spain,-8,2026-06-15,21
Jazz LHD,Netherlands,-8,2026-06-15,26
Jazz LHD,Belgium,-8,2026-06-15,28
Jazz LHD,Poland,-8,2026-06-15,9
Jazz LHD,Nordics,-8,2026-06-15,22
Jazz LHD,Portugal,-8,2026-06-15,23
Jazz RHD,UK,-8,2026-06-15,98
Jazz RHD,Ireland,-8,2026-06-15,9
e:Ny1 LHD,Germany,-8,2026-06-15,39
e:Ny1 LHD,France,-8,2026-06-15,27
e:Ny1 LHD,Netherlands,-8,2026-06-15,16
e:Ny1 LHD,Belgium,-8,2026-06-15,11
e:Ny1 LHD,Nordics,-8,2026-06-15,8
e:Ny1 RHD,UK,-8,2026-06-15,48
e:Ny1 RHD,Ireland,-8,2026-06-15,4
Civic LHD,Germany,-7,2026-06-22,134
Civic LHD,France,-7,2026-06-22,106
Civic LHD,Italy,-7,2026-06-22,60
Civic LHD,Spain,-7,2026-06-22,36
Civic LHD,Netherlands,-7,2026-06-22,39
Civic LHD,Belgium,-7,2026-06-22,53
Civic LHD,Poland,-7,2026-06-22,41
Civic LHD,Nordics,-7,2026-06-22,36
Civic LHD,Portugal,-7,2026-06-22,22
Civic RHD,UK,-7,2026-06-22,157
Civic RHD,Ireland,-7,2026-06-22,15
CR-V LHD,Germany,-7,2026-06-22,134
CR-V LHD,France,-7,2026-06-22,106
CR-V LHD,Italy,-7,2026-06-22,60
CR-V LHD,Spain,-7,2026-06-22,36
CR-V LHD,Netherlands,-7,2026-06-22,39
CR-V LHD,Belgium,-7,2026-06-22,53
CR-V LHD,Poland,-7,2026-06-22,41
CR-V LHD,Nordics,-7,2026-06-22,36
CR-V LHD,Portugal,-7,2026-06-22,22
CR-V RHD,UK,-7,2026-06-22,157
CR-V RHD,Ireland,-7,2026-06-22,15
HR-V LHD,Germany,-7,2026-06-22,71
HR-V LHD,France,-7,2026-06-22,47
HR-V LHD,Italy,-7,2026-06-22,19
HR-V LHD,Spain,-7,2026-06-22,27
HR-V LHD,Netherlands,-7,2026-06-22,13
HR-V LHD,Belgium,-7,2026-06-22,15
HR-V LHD,Poland,-7,2026-06-22,21
HR-V LHD,Nordics,-7,2026-06-22,28
HR-V LHD,Portugal,-7,2026-06-22,15
HR-V RHD,UK,-7,2026-06-22,82
HR-V RHD,Ireland,-7,2026-06-22,12
Jazz LHD,Germany,-7,2026-06-22,85
Jazz LHD,France,-7,2026-06-22,55
Jazz LHD,Italy,-7,2026-06-22,23
Jazz LHD,Spain,-7,2026-06-22,32
Jazz LHD,Netherlands,-7,2026-06-22,16
Jazz LHD,Belgium,-7,2026-06-22,18
Jazz LHD,Poland,-7,2026-06-22,25
Jazz LHD,Nordics,-7,2026-06-22,33
Jazz LHD,Portugal,-7,2026-06-22,18
Jazz RHD,UK,-7,2026-06-22,100
Jazz RHD,Ireland,-7,2026-06-22,13
e:Ny1 LHD,Germany,-7,2026-06-22,39
e:Ny1 LHD,France,-7,2026-06-22,29
e:Ny1 LHD,Netherlands,-7,2026-06-22,11
e:Ny1 LHD,Belgium,-7,2026-06-22,7
e:Ny1 LHD,Nordics,-7,2026-06-22,13
e:Ny1 RHD,UK,-7,2026-06-22,51
e:Ny1 RHD,Ireland,-7,2026-06-22,7
Civic LHD,Germany,-6,2026-06-29,132
Civic LHD,France,-6,2026-06-29,99
Civic LHD,Italy,-6,2026-06-29,41
Civic LHD,Spain,-6,2026-06-29,60
Civic LHD,Netherlands,-6,2026-06-29,25
Civic LHD,Belgium,-6,2026-06-29,38
Civic LHD,Poland,-6,2026-06-29,21
Civic LHD,Nordics,-6,2026-06-29,64
Civic LHD,Portugal,-6,2026-06-29,30
Civic RHD,UK,-6,2026-06-29,164
Civic RHD,Ireland,-6,2026-06-29,21
CR-V LHD,Germany,-6,2026-06-29,132
CR-V LHD,France,-6,2026-06-29,99
CR-V LHD,Italy,-6,2026-06-29,41
CR-V LHD,Spain,-6,2026-06-29,60
CR-V LHD,Netherlands,-6,2026-06-29,25
CR-V LHD,Belgium,-6,2026-06-29,38
CR-V LHD,Poland,-6,2026-06-29,21
CR-V LHD,Nordics,-6,2026-06-29,64
CR-V LHD,Portugal,-6,2026-06-29,30
CR-V RHD,UK,-6,2026-06-29,164
CR-V RHD,Ireland,-6,2026-06-29,21
HR-V LHD,Germany,-6,2026-06-29,68
HR-V LHD,France,-6,2026-06-29,53
HR-V LHD,Italy,-6,2026-06-29,30
HR-V LHD,Spain,-6,2026-06-29,18
HR-V LHD,Netherlands,-6,2026-06-29,20
HR-V LHD,Belgium,-6,2026-06-29,27
HR-V LHD,Poland,-6,2026-06-29,20
HR-V LHD,Nordics,-6,2026-06-29,18
HR-V LHD,Portugal,-6,2026-06-29,11
HR-V RHD,UK,-6,2026-06-29,78
HR-V RHD,Ireland,-6,2026-06-29,7
Jazz LHD,Germany,-6,2026-06-29,81
Jazz LHD,France,-6,2026-06-29,64
Jazz LHD,Italy,-6,2026-06-29,36
Jazz LHD,Spain,-6,2026-06-29,22
Jazz LHD,Netherlands,-6,2026-06-29,24
Jazz LHD,Belgium,-6,2026-06-29,32
Jazz LHD,Poland,-6,2026-06-29,24
Jazz LHD,Nordics,-6,2026-06-29,22
Jazz LHD,Portugal,-6,2026-06-29,13
Jazz RHD,UK,-6,2026-06-29,94
Jazz RHD,Ireland,-6,2026-06-29,9
e:Ny1 LHD,Germany,-6,2026-06-29,40
e:Ny1 LHD,France,-6,2026-06-29,28
e:Ny1 LHD,Netherlands,-6,2026-06-29,16
e:Ny1 LHD,Belgium,-6,2026-06-29,12
e:Ny1 LHD,Nordics,-6,2026-06-29,9
e:Ny1 RHD,UK,-6,2026-06-29,48
e:Ny1 RHD,Ireland,-6,2026-06-29,4
Civic LHD,Germany,-5,2026-07-06,124
Civic LHD,France,-5,2026-07-06,98
Civic LHD,Italy,-5,2026-07-06,67
Civic LHD,Spain,-5,2026-07-06,43
Civic LHD,Netherlands,-5,2026-07-06,44
Civic LHD,Belgium,-5,2026-07-06,48
Civic LHD,Poland,-5,2026-07-06,29
Civic LHD,Nordics,-5,2026-07-06,45
Civic LHD,Portugal,-5,2026-07-06,22
Civic RHD,UK,-5,2026-07-06,157
Civic RHD,Ireland,-5,2026-07-06,14
CR-V LHD,Germany,-5,2026-07-06,124
CR-V LHD,France,-5,2026-07-06,98
CR-V LHD,Italy,-5,2026-07-06,67
CR-V LHD,Spain,-5,2026-07-06,43
CR-V LHD,Netherlands,-5,2026-07-06,44
CR-V LHD,Belgium,-5,2026-07-06,48
CR-V LHD,Poland,-5,2026-07-06,29
CR-V LHD,Nordics,-5,2026-07-06,45
CR-V LHD,Portugal,-5,2026-07-06,22
CR-V RHD,UK,-5,2026-07-06,157
CR-V RHD,Ireland,-5,2026-07-06,14
HR-V LHD,Germany,-5,2026-07-06,66
HR-V LHD,France,-5,2026-07-06,50
HR-V LHD,Italy,-5,2026-07-06,21
HR-V LHD,Spain,-5,2026-07-06,29
HR-V LHD,Netherlands,-5,2026-07-06,13
HR-V LHD,Belgium,-5,2026-07-06,19
HR-V LHD,Poland,-5,2026-07-06,10
HR-V LHD,Nordics,-5,2026-07-06,32
HR-V LHD,Portugal,-5,2026-07-06,15
HR-V RHD,UK,-5,2026-07-06,83
HR-V RHD,Ireland,-5,2026-07-06,11
Jazz LHD,Germany,-5,2026-07-06,79
Jazz LHD,France,-5,2026-07-06,59
Jazz LHD,Italy,-5,2026-07-06,25
Jazz LHD,Spain,-5,2026-07-06,36
Jazz LHD,Netherlands,-5,2026-07-06,15
Jazz LHD,Belgium,-5,2026-07-06,23
Jazz LHD,Poland,-5,2026-07-06,12
Jazz LHD,Nordics,-5,2026-07-06,39
Jazz LHD,Portugal,-5,2026-07-06,18
Jazz RHD,UK,-5,2026-07-06,99
Jazz RHD,Ireland,-5,2026-07-06,13
e:Ny1 LHD,Germany,-5,2026-07-06,39
e:Ny1 LHD,France,-5,2026-07-06,30
e:Ny1 LHD,Netherlands,-5,2026-07-06,11
e:Ny1 LHD,Belgium,-5,2026-07-06,7
e:Ny1 LHD,Nordics,-5,2026-07-06,13
e:Ny1 RHD,UK,-5,2026-07-06,51
e:Ny1 RHD,Ireland,-5,2026-07-06,7
Civic LHD,Germany,-4,2026-07-13,132
Civic LHD,France,-4,2026-07-13,93
Civic LHD,Italy,-4,2026-07-13,49
Civic LHD,Spain,-4,2026-07-13,60
Civic LHD,Netherlands,-4,2026-07-13,31
Civic LHD,Belgium,-4,2026-07-13,29
Civic LHD,Poland,-4,2026-07-13,29
Civic LHD,Nordics,-4,2026-07-13,58
Civic LHD,Portugal,-4,2026-07-13,32
Civic RHD,UK,-4,2026-07-13,163
Civic RHD,Ireland,-4,2026-07-13,21
CR-V LHD,Germany,-4,2026-07-13,132
CR-V LHD,France,-4,2026-07-13,93
CR-V LHD,Italy,-4,2026-07-13,49
CR-V LHD,Spain,-4,2026-07-13,60
CR-V LHD,Netherlands,-4,2026-07-13,31
CR-V LHD,Belgium,-4,2026-07-13,29
CR-V LHD,Poland,-4,2026-07-13,29
CR-V LHD,Nordics,-4,2026-07-13,58
CR-V LHD,Portugal,-4,2026-07-13,32
CR-V RHD,UK,-4,2026-07-13,163
CR-V RHD,Ireland,-4,2026-07-13,21
HR-V LHD,Germany,-4,2026-07-13,62
HR-V LHD,France,-4,2026-07-13,49
HR-V LHD,Italy,-4,2026-07-13,33
HR-V LHD,Spain,-4,2026-07-13,22
HR-V LHD,Netherlands,-4,2026-07-13,22
HR-V LHD,Belgium,-4,2026-07-13,25
HR-V LHD,Poland,-4,2026-07-13,15
HR-V LHD,Nordics,-4,2026-07-13,23
HR-V LHD,Portugal,-4,2026-07-13,11
HR-V RHD,UK,-4,2026-07-13,78
HR-V RHD,Ireland,-4,2026-07-13,7
Jazz LHD,Germany,-4,2026-07-13,75
Jazz LHD,France,-4,2026-07-13,59
Jazz LHD,Italy,-4,2026-07-13,40
Jazz LHD,Spain,-4,2026-07-13,26
Jazz LHD,Netherlands,-4,2026-07-13,27
Jazz LHD,Belgium,-4,2026-07-13,28
Jazz LHD,Poland,-4,2026-07-13,17
Jazz LHD,Nordics,-4,2026-07-13,27
Jazz LHD,Portugal,-4,2026-07-13,13
Jazz RHD,UK,-4,2026-07-13,94
Jazz RHD,Ireland,-4,2026-07-13,8
e:Ny1 LHD,Germany,-4,2026-07-13,42
e:Ny1 LHD,France,-4,2026-07-13,28
e:Ny1 LHD,Netherlands,-4,2026-07-13,17
e:Ny1 LHD,Belgium,-4,2026-07-13,12
e:Ny1 LHD,Nordics,-4,2026-07-13,9
e:Ny1 RHD,UK,-4,2026-07-13,51
e:Ny1 RHD,Ireland,-4,2026-07-13,4
Civic LHD,Germany,-3,2026-07-20,121
Civic LHD,France,-3,2026-07-20,97
Civic LHD,Italy,-3,2026-07-20,67
Civic LHD,Spain,-3,2026-07-20,35
Civic LHD,Netherlands,-3,2026-07-20,42
Civic LHD,Belgium,-3,2026-07-20,43
Civic LHD,Poland,-3,2026-07-20,14
Civic LHD,Nordics,-3,2026-07-20,35
Civic LHD,Portugal,-3,2026-07-20,42
Civic RHD,UK,-3,2026-07-20,154
Civic RHD,Ireland,-3,2026-07-20,14
CR-V LHD,Germany,-3,2026-07-20,121
CR-V LHD,France,-3,2026-07-20,97
CR-V LHD,Italy,-3,2026-07-20,67
CR-V LHD,Spain,-3,2026-07-20,35
CR-V LHD,Netherlands,-3,2026-07-20,42
CR-V LHD,Belgium,-3,2026-07-20,43
CR-V LHD,Poland,-3,2026-07-20,14
CR-V LHD,Nordics,-3,2026-07-20,35
CR-V LHD,Portugal,-3,2026-07-20,42
CR-V RHD,UK,-3,2026-07-20,154
CR-V RHD,Ireland,-3,2026-07-20,14
HR-V LHD,Germany,-3,2026-07-20,65
HR-V LHD,France,-3,2026-07-20,45
HR-V LHD,Italy,-3,2026-07-20,25
HR-V LHD,Spain,-3,2026-07-20,30
HR-V LHD,Netherlands,-3,2026-07-20,15
HR-V LHD,Belgium,-3,2026-07-20,14
HR-V LHD,Poland,-3,2026-07-20,14
HR-V LHD,Nordics,-3,2026-07-20,28
HR-V LHD,Portugal,-3,2026-07-20,16
HR-V RHD,UK,-3,2026-07-20,82
HR-V RHD,Ireland,-3,2026-07-20,11
Jazz LHD,Germany,-3,2026-07-20,79
Jazz LHD,France,-3,2026-07-20,55
Jazz LHD,Italy,-3,2026-07-20,30
Jazz LHD,Spain,-3,2026-07-20,35
Jazz LHD,Netherlands,-3,2026-07-20,19
Jazz LHD,Belgium,-3,2026-07-20,17
Jazz LHD,Poland,-3,2026-07-20,17
Jazz LHD,Nordics,-3,2026-07-20,35
Jazz LHD,Portugal,-3,2026-07-20,19
Jazz RHD,UK,-3,2026-07-20,98
Jazz RHD,Ireland,-3,2026-07-20,13
e:Ny1 LHD,Germany,-3,2026-07-20,40
e:Ny1 LHD,France,-3,2026-07-20,29
e:Ny1 LHD,Netherlands,-3,2026-07-20,11
e:Ny1 LHD,Belgium,-3,2026-07-20,7
e:Ny1 LHD,Nordics,-3,2026-07-20,14
e:Ny1 RHD,UK,-3,2026-07-20,54
e:Ny1 RHD,Ireland,-3,2026-07-20,7
Civic LHD,Germany,-2,2026-07-27,135
Civic LHD,France,-2,2026-07-27,88
Civic LHD,Italy,-2,2026-07-27,41
Civic LHD,Spain,-2,2026-07-27,53
Civic LHD,Netherlands,-2,2026-07-27,26
Civic LHD,Belgium,-2,2026-07-27,29
Civic LHD,Poland,-2,2026-07-27,39
Civic LHD,Nordics,-2,2026-07-27,52
Civic LHD,Portugal,-2,2026-07-27,32
Civic RHD,UK,-2,2026-07-27,161
Civic RHD,Ireland,-2,2026-07-27,21
CR-V LHD,Germany,-2,2026-07-27,135
CR-V LHD,France,-2,2026-07-27,88
CR-V LHD,Italy,-2,2026-07-27,41
CR-V LHD,Spain,-2,2026-07-27,53
CR-V LHD,Netherlands,-2,2026-07-27,26
CR-V LHD,Belgium,-2,2026-07-27,29
CR-V LHD,Poland,-2,2026-07-27,39
CR-V LHD,Nordics,-2,2026-07-27,52
CR-V LHD,Portugal,-2,2026-07-27,32
CR-V RHD,UK,-2,2026-07-27,161
CR-V RHD,Ireland,-2,2026-07-27,21
HR-V LHD,Germany,-2,2026-07-27,60
HR-V LHD,France,-2,2026-07-27,48
HR-V LHD,Italy,-2,2026-07-27,33
HR-V LHD,Spain,-2,2026-07-27,18
HR-V LHD,Netherlands,-2,2026-07-27,21
HR-V LHD,Belgium,-2,2026-07-27,22
HR-V LHD,Poland,-2,2026-07-27,7
HR-V LHD,Nordics,-2,2026-07-27,17
HR-V LHD,Portugal,-2,2026-07-27,21
HR-V RHD,UK,-2,2026-07-27,77
HR-V RHD,Ireland,-2,2026-07-27,7
Jazz LHD,Germany,-2,2026-07-27,73
Jazz LHD,France,-2,2026-07-27,58
Jazz LHD,Italy,-2,2026-07-27,40
Jazz LHD,Spain,-2,2026-07-27,22
Jazz LHD,Netherlands,-2,2026-07-27,25
Jazz LHD,Belgium,-2,2026-07-27,26
Jazz LHD,Poland,-2,2026-07-27,9
Jazz LHD,Nordics,-2,2026-07-27,21
Jazz LHD,Portugal,-2,2026-07-27,26
Jazz RHD,UK,-2,2026-07-27,92
Jazz RHD,Ireland,-2,2026-07-27,8
e:Ny1 LHD,Germany,-2,2026-07-27,43
e:Ny1 LHD,France,-2,2026-07-27,29
e:Ny1 LHD,Netherlands,-2,2026-07-27,18
e:Ny1 LHD,Belgium,-2,2026-07-27,12
e:Ny1 LHD,Nordics,-2,2026-07-27,9
e:Ny1 RHD,UK,-2,2026-07-27,51
e:Ny1 RHD,Ireland,-2,2026-07-27,5
Civic LHD,Germany,-1,2026-08-03,128
Civic LHD,France,-1,2026-08-03,99
Civic LHD,Italy,-1,2026-08-03,59
Civic LHD,Spain,-1,2026-08-03,34
Civic LHD,Netherlands,-1,2026-08-03,39
Civic LHD,Belgium,-1,2026-08-03,49
Civic LHD,Poland,-1,2026-08-03,39
Civic LHD,Nordics,-1,2026-08-03,35
Civic LHD,Portugal,-1,2026-08-03,23
Civic RHD,UK,-1,2026-08-03,157
Civic RHD,Ireland,-1,2026-08-03,13
CR-V LHD,Germany,-1,2026-08-03,128
CR-V LHD,France,-1,2026-08-03,99
CR-V LHD,Italy,-1,2026-08-03,59
CR-V LHD,Spain,-1,2026-08-03,34
CR-V LHD,Netherlands,-1,2026-08-03,39
CR-V LHD,Belgium,-1,2026-08-03,49
CR-V LHD,Poland,-1,2026-08-03,39
CR-V LHD,Nordics,-1,2026-08-03,35
CR-V LHD,Portugal,-1,2026-08-03,23
CR-V RHD,UK,-1,2026-08-03,156
CR-V RHD,Ireland,-1,2026-08-03,13
HR-V LHD,Germany,-1,2026-08-03,67
HR-V LHD,France,-1,2026-08-03,44
HR-V LHD,Italy,-1,2026-08-03,20
HR-V LHD,Spain,-1,2026-08-03,26
HR-V LHD,Netherlands,-1,2026-08-03,13
HR-V LHD,Belgium,-1,2026-08-03,14
HR-V LHD,Poland,-1,2026-08-03,20
HR-V LHD,Nordics,-1,2026-08-03,26
HR-V LHD,Portugal,-1,2026-08-03,16
HR-V RHD,UK,-1,2026-08-03,81
HR-V RHD,Ireland,-1,2026-08-03,11
Jazz LHD,Germany,-1,2026-08-03,80
Jazz LHD,France,-1,2026-08-03,53
Jazz LHD,Italy,-1,2026-08-03,24
Jazz LHD,Spain,-1,2026-08-03,31
Jazz LHD,Netherlands,-1,2026-08-03,15
Jazz LHD,Belgium,-1,2026-08-03,17
Jazz LHD,Poland,-1,2026-08-03,23
Jazz LHD,Nordics,-1,2026-08-03,31
Jazz LHD,Portugal,-1,2026-08-03,19
Jazz RHD,UK,-1,2026-08-03,97
Jazz RHD,Ireland,-1,2026-08-03,13
e:Ny1 LHD,Germany,-1,2026-08-03,40
e:Ny1 LHD,France,-1,2026-08-03,32
e:Ny1 LHD,Netherlands,-1,2026-08-03,11
e:Ny1 LHD,Belgium,-1,2026-08-03,7
e:Ny1 LHD,Nordics,-1,2026-08-03,13
e:Ny1 RHD,UK,-1,2026-08-03,55
e:Ny1 RHD,Ireland,-1,2026-08-03,7
